Prefix,URI
sec,https://w3id.org/security#
ps,https://w3id.org/payswarm#
navm,https://w3id.org/navigation_menu#
lfov,https://w3id.org/legal_form#
curr,https://w3id.org/cc#
namespaces,https://vg.no/
bib,http://zeitkunst.org/bibtex/0.1/bibtex.owl#
zbwext,http://zbw.eu/namespaces/zbw-extensions/
p20,http://zbw.eu/beta/p20/vocab/
yago,http://yago-knowledge.org/resource/
erce,http://xxefe.de/
aair,http://xmlns.notu.be/aair#
wot,http://xmlns.com/wot/0.1/
wn,http://xmlns.com/wordnet/1.6/
foaf,http://xmlns.com/foaf/0.1/
aerols,http://xmlns.com/aerols/0.1/
saif,http://wwwiti.cs.uni-magdeburg.de/~srahman/
sider,http://www4.wiwiss.fu-berlin.de/sider/resource/sider/
factbook,http://www4.wiwiss.fu-berlin.de/factbook/ns#
drugbank,http://www4.wiwiss.fu-berlin.de/drugbank/resource/drugbank/
diseasome,http://www4.wiwiss.fu-berlin.de/diseasome/resource/diseasome/
dailymed,http://www4.wiwiss.fu-berlin.de/dailymed/resource/dailymed/
cordis,http://www4.wiwiss.fu-berlin.de/cordis/resource/cordis/
r2r,http://www4.wiwiss.fu-berlin.de/bizer/r2r/
bsbm,http://www4.wiwiss.fu-berlin.de/bizer/bsbm/v01/vocabulary/
xbrli,http://www.xbrl.org/2003/instance#
wl,http://www.wsmo.org/ns/wsmo-lite#
wsl,http://www.wsmo.org/ns/wsmo-lite#
d2rq,http://www.wiwiss.fu-berlin.de/suhl/bizer/D2RQ/0.1#
wd,http://www.wikidata.org/entity/
wikidata,http://www.wikidata.org/entity/
who,http://www.who.int/vocab/ontology#
xml,http://www.w3.org/XML/1998/namespace/
sgv,http://www.w3.org/TR/SVG/
owltime,http://www.w3.org/TR/owl-time#
vin,http://www.w3.org/TR/2003/PR-owl-guide-20031209/wine#
fowl,http://www.w3.org/TR/2003/PR-owl-guide-20031209/food#
tblcard,http://www.w3.org/People/Berners-Lee/card#
ui,http://www.w3.org/ns/ui#
sd,http://www.w3.org/ns/sparql-service-description#
sawsdl,http://www.w3.org/ns/sawsdl#
rov,http://www.w3.org/ns/regorg#
rdfa,http://www.w3.org/ns/rdfa#
radion,http://www.w3.org/ns/radion#
rad,http://www.w3.org/ns/rad#
r2rml,http://www.w3.org/ns/r2rml#
rr,http://www.w3.org/ns/r2rml#
prov,http://www.w3.org/ns/prov#
person,http://www.w3.org/ns/person#
gldp,http://www.w3.org/ns/people#
org,http://www.w3.org/ns/org#
oax,http://www.w3.org/ns/openannotation/extensions/
odrl,http://www.w3.org/ns/odrl/2/
oa,http://www.w3.org/ns/oa#
md,http://www.w3.org/ns/md#
ma,http://www.w3.org/ns/ma-ont#
locn,http://www.w3.org/ns/locn#
ldp,http://www.w3.org/ns/ldp#
hydra,http://www.w3.org/ns/hydra/core#
formats,http://www.w3.org/ns/formats/
earl,http://www.w3.org/ns/earl#
dcat,http://www.w3.org/ns/dcat#
rsa,http://www.w3.org/ns/auth/rsa#
cert,http://www.w3.org/ns/auth/cert#
acl,http://www.w3.org/ns/auth/acl#
adms,http://www.w3.org/ns/adms#
shex,http://www.w3.org/2013/ShEx/ns#
htir,http://www.w3.org/2011/http#
w3http,http://www.w3.org/2011/http#
httpm,http://www.w3.org/2011/http-methods#
cnt,http://www.w3.org/2011/content#
ptr,http://www.w3.org/2009/pointers#
ttl,http://www.w3.org/2008/turtle#
skos08,http://www.w3.org/2008/05/skos#
skosxl,http://www.w3.org/2008/05/skos-xl#
web,http://www.w3.org/2007/uwa/context/web.owl#
soft,http://www.w3.org/2007/uwa/context/software.owl#
push,http://www.w3.org/2007/uwa/context/push.owl#
net,http://www.w3.org/2007/uwa/context/network.owl#
loc,http://www.w3.org/2007/uwa/context/location.owl#
java,http://www.w3.org/2007/uwa/context/java.owl#
hard,http://www.w3.org/2007/uwa/context/hardware.owl#
dcn,http://www.w3.org/2007/uwa/context/deliverycontext.owl#
common,http://www.w3.org/2007/uwa/context/common.owl#
rif,http://www.w3.org/2007/rif#
func,http://www.w3.org/2007/rif-builtin-function#
act,http://www.w3.org/2007/rif-builtin-action#
un,http://www.w3.org/2007/ont/unit#
httph,http://www.w3.org/2007/ont/httph#
powder,http://www.w3.org/2007/05/powder#
wdr,http://www.w3.org/2007/05/powder#
wdrs,http://www.w3.org/2007/05/powder-s#
vcard,http://www.w3.org/2006/vcard/ns#
vcard2006,http://www.w3.org/2006/vcard/ns#
tzont,http://www.w3.org/2006/timezone#
time,http://www.w3.org/2006/time#
te,http://www.w3.org/2006/time-entry#
link,http://www.w3.org/2006/link#
httpvoc,http://www.w3.org/2006/http#
gen,http://www.w3.org/2006/gen/ont#
gso,http://www.w3.org/2006/gen/ont#
wn20schema,http://www.w3.org/2006/03/wn/wn20/schema/
wn20,http://www.w3.org/2006/03/wn/wn20/
fn,http://www.w3.org/2005/xpath-functions#
res,http://www.w3.org/2005/sparql-results#
atom,http://www.w3.org/2005/Atom/
itsrdf,http://www.w3.org/2005/11/its/rdf#
states,http://www.w3.org/2005/07/aaa#
flow,http://www.w3.org/2005/01/wf/flow#
wf,http://www.w3.org/2005/01/wf/flow#
wairole,http://www.w3.org/2005/01/wai-rdf/GUIRoleTaxonomy#
ql,http://www.w3.org/2004/ql#
delta,http://www.w3.org/2004/delta#
fresnel,http://www.w3.org/2004/09/fresnel#
rei,http://www.w3.org/2004/06/rei#
swp,http://www.w3.org/2004/03/trix/swp-2/
rdfg,http://www.w3.org/2004/03/trix/rdfg-1/
trig,http://www.w3.org/2004/03/trix/rdfg-1/
skos,http://www.w3.org/2004/02/skos/core#
imreg,http://www.w3.org/2004/02/image-regions#
grddl,http://www.w3.org/2003/g/data-view#
exif,http://www.w3.org/2003/12/exif/ns#
swrlb,http://www.w3.org/2003/11/swrlb#
swrl,http://www.w3.org/2003/11/swrl#
vs,http://www.w3.org/2003/06/sw-vocab-status/ns#
soap,http://www.w3.org/2003/05/soap-envelope/
geo,http://www.w3.org/2003/01/geo/wgs84_pos#
pos,http://www.w3.org/2003/01/geo/wgs84_pos#
wgs,http://www.w3.org/2003/01/geo/wgs84_pos#
wgs84,http://www.w3.org/2003/01/geo/wgs84_pos#
wgspos,http://www.w3.org/2003/01/geo/wgs84_pos#
xf,http://www.w3.org/2002/xforms/
xforms,http://www.w3.org/2002/xforms/
icaltzd,http://www.w3.org/2002/12/cal/icaltzd#
cal,http://www.w3.org/2002/12/cal/ical#
ical,http://www.w3.org/2002/12/cal/ical#
owl,http://www.w3.org/2002/07/owl#
p3p,http://www.w3.org/2002/01/p3prdfv1#
bookmark,http://www.w3.org/2002/01/bookmark#
xds,http://www.w3.org/2001/XMLSchema#
xmls,http://www.w3.org/2001/XMLSchema#
xs,http://www.w3.org/2001/XMLSchema#
xsd,http://www.w3.org/2001/XMLSchema#
xsi,http://www.w3.org/2001/XMLSchema-instance#
transmed,http://www.w3.org/2001/sw/hcls/ns/transmed/
mf,http://www.w3.org/2001/sw/DataAccess/tests/test-manifest#
mt,http://www.w3.org/2001/sw/DataAccess/tests/test-manifest#
dawgt,http://www.w3.org/2001/sw/DataAccess/tests/test-dawg#
enc,http://www.w3.org/2001/04/xmlenc#
rec54,http://www.w3.org/2001/02pd/rec54.rdf#
string,http://www.w3.org/2000/10/swap/string#
set,http://www.w3.org/2000/10/swap/set#
re,http://www.w3.org/2000/10/swap/reason#
doc,http://www.w3.org/2000/10/swap/pim/doc#
con,http://www.w3.org/2000/10/swap/pim/contact#
contact,http://www.w3.org/2000/10/swap/pim/contact#
w3con,http://www.w3.org/2000/10/swap/pim/contact#
os,http://www.w3.org/2000/10/swap/os#
math,http://www.w3.org/2000/10/swap/math#
log,http://www.w3.org/2000/10/swap/log#
list,http://www.w3.org/2000/10/swap/list#
crypto,http://www.w3.org/2000/10/swap/crypto#
ann,http://www.w3.org/2000/10/annotation-ns#
rdfs,http://www.w3.org/2000/01/rdf-schema#
xsl,http://www.w3.org/1999/XSL/Transform#
xlink,http://www.w3.org/1999/xlink/
xhtml,http://www.w3.org/1999/xhtml#
xhv,http://www.w3.org/1999/xhtml/vocab#
xhtmlvocab,http://www.w3.org/1999/xhtml/vocab/
rdf,http://www.w3.org/1999/02/22-rdf-syntax-ns#
rating,http://www.tvblob.com/ratings/#
tr,http://www.thomsonreuters.com/
quty,http://www.telegraphis.net/ontology/measurement/quantity#
msr,http://www.telegraphis.net/ontology/measurement/measurement#
geos,http://www.telegraphis.net/ontology/geography/geography#
tei,http://www.tei-c.org/ns/1.0/
wikipedia,http://www.systemone.at/2006/03/wikipedia#
smiley,http://www.smileyontology.com/ns#
cheminf,http://www.semanticweb.org/ontologies/cheminf.owl#
remus,http://www.semanticweb.org/ontologies/2010/6/Ontology1279614123500.owl#
ontosec,http://www.semanticweb.org/ontologies/2008/11/OntologySecurity.owl#
mocanal,http://www.semanticweb.org/asow/ontologies/2013/9/untitled-ontology-36#
tmo,http://www.semanticdesktop.org/ontologies/2008/05/20/tmo#
pimo,http://www.semanticdesktop.org/ontologies/2007/11/01/pimo#
nrl,http://www.semanticdesktop.org/ontologies/2007/08/15/nrl#
nao,http://www.semanticdesktop.org/ontologies/2007/08/15/nao#
nid3,http://www.semanticdesktop.org/ontologies/2007/05/10/nid3#
nexif,http://www.semanticdesktop.org/ontologies/2007/05/10/nexif#
ncal,http://www.semanticdesktop.org/ontologies/2007/04/02/ncal#
nmo,http://www.semanticdesktop.org/ontologies/2007/03/22/nmo#
nfo,http://www.semanticdesktop.org/ontologies/2007/03/22/nfo#
nco,http://www.semanticdesktop.org/ontologies/2007/03/22/nco#
nie,http://www.semanticdesktop.org/ontologies/2007/01/19/nie#
sl,http://www.semanlink.net/2001/00/semanlink-schema#
hdo,http://www.samos.gr/ontologies/helpdeskOnto.owl#
s3db,http://www.s3db.org/core#
resist,http://www.rkbexplorer.com/ontologies/resist#
coref,http://www.rkbexplorer.com/ontologies/coref#
acm,http://www.rkbexplorer.com/ontologies/acm#
rso,http://www.researchspace.org/ontology/
govtrackus,http://www.rdfabout.com/rdf/usgov/geo/us/
vote,http://www.rdfabout.com/rdf/schema/vote/
usgov,http://www.rdfabout.com/rdf/schema/usgovt/
fec,http://www.rdfabout.com/rdf/schema/usfec/
bill,http://www.rdfabout.com/rdf/schema/usbill/
politico,http://www.rdfabout.com/rdf/schema/politico/
eseduc,http://www.purl.org/ontologia/eseduc#
limo,http://www.purl.org/limo-ontology/limo#
bk,http://www.provbook.org/ns/#
prot,http://www.proteinontology.info/po.owl#
pto,http://www.productontology.org/id/
ipad,http://www.padinthecity.com/
genea,http://www.owl-ontologies.com/generations.owl#
ostop,http://www.ordnancesurvey.co.uk/ontology/Topography/v0.1/Topography.owl#
onssprel,http://www.ordnancesurvey.co.uk/ontology/SpatialRelations/v0.2/SpatialRelations.owl#
osukdt,http://www.ordnancesurvey.co.uk/ontology/Datatypes.owl#
osag,http://www.ordnancesurvey.co.uk/ontology/AdministrativeGeography/v2.0/AdministrativeGeography.rdf#
opmw,http://www.opmw.org/ontology/
sesame,http://www.openrdf.org/schema/sesame#
obj,http://www.openrdf.org/rdf/2009/object#
meta,http://www.openrdf.org/rdf/2009/metadata#
sail,http://www.openrdf.org/config/sail#
fed,http://www.openrdf.org/config/sail/federation#
custom,http://www.openrdf.org/config/sail/custom#
rep,http://www.openrdf.org/config/repository#
sr,http://www.openrdf.org/config/repository/sail#
omn,http://www.openmobilenetwork.org/resource/
prf,http://www.openmobilealliance.org/tech/profiles/UAPROF/ccppschema-20021212#
rdfdf,http://www.openlinksw.com/virtrdf-data-formats#
skiresort,http://www.openlinksw.com/ski_resorts/schema#
openlinks,http://www.openlinksw.com/schemas/virtrdf#
oplcb,http://www.openlinksw.com/schemas/crunchbase#
bif,http://www.openlinksw.com/schema/sparql/extensions#
oplres,http://www.openlinksw.com/ontology/restrictions#
oplprod,http://www.openlinksw.com/ontology/products#
opllic,http://www.openlinksw.com/ontology/licenses#
oplacl,http://www.openlinksw.com/ontology/acl#
campsite,http://www.openlinksw.com/campsites/schema#
wsc,http://www.openk.org/wscaim.owl#
wscaim,http://www.openk.org/wscaim.owl#
sf,http://www.opengis.net/ont/sf#
geosparql,http://www.opengis.net/ont/geosparql#
gsp,http://www.opengis.net/ont/geosparql#
kml,http://www.opengis.net/kml/2.2#
gml,http://www.opengis.net/gml/
geof,http://www.opengis.net/def/function/geosparql/
ore,http://www.openarchives.org/ore/terms/
friends,http://www.openarchives.org/OAI/2.0/friends/
defns,http://www.openarchives.org/OAI/2.0/
oac,http://www.openannotation.org/ns/
owlim,http://www.ontotext.com/trree/owlim#
ptop,http://www.ontotext.com/proton/protontop#
psys,http://www.ontotext.com/proton/protonsys#
pkm,http://www.ontotext.com/proton/protonkm#
pext,http://www.ontotext.com/proton/protonext#
opwn,http://www.ontologyportal.org/WordNet.owl#
cpa,http://www.ontologydesignpatterns.org/schemas/cpannotationschema.owl#
irw,http://www.ontologydesignpatterns.org/ont/web/irw.owl#
lmm2,http://www.ontologydesignpatterns.org/ont/lmm/LMM_L2.owl#
lmm1,http://www.ontologydesignpatterns.org/ont/lmm/LMM_L1.owl#
ontopic,http://www.ontologydesignpatterns.org/ont/dul/ontopic.owl#
iol,http://www.ontologydesignpatterns.org/ont/dul/IOLite.owl#
ire,http://www.ontologydesignpatterns.org/cpont/ire.owl#
ti,http://www.ontologydesignpatterns.org/cp/owl/timeinterval.owl#
tis,http://www.ontologydesignpatterns.org/cp/owl/timeindexedsituation.owl#
sit,http://www.ontologydesignpatterns.org/cp/owl/situation.owl#
situ,http://www.ontologydesignpatterns.org/cp/owl/situation.owl#
seq,http://www.ontologydesignpatterns.org/cp/owl/sequence.owl#
odpart,http://www.ontologydesignpatterns.org/cp/owl/participation.owl#
infor,http://www.ontologydesignpatterns.org/cp/owl/informationrealization.owl#
ir,http://www.ontologydesignpatterns.org/cp/owl/informationrealization.owl#
irrl,http://www.ontologydesignpatterns.org/cp/owl/informationobjectsandrepresentationlanguages.owl#
cmp,http://www.ontologydesignpatterns.org/cp/owl/componency.owl#
gfo,http://www.onto-med.de/ontologies/gfo.owl#
ogbd,http://www.ogbd.fr/2012/ontologie#
gc,http://www.oegov.org/core/owl/gc#
oecc,http://www.oegov.org/core/owl/cc#
fcp,http://www.newmedialab.at/fcp/
nxs,http://www.neclimateus.org/
np,http://www.nanopub.org/nschema#
mygrid,http://www.mygrid.org.uk/ontology#
moby,http://www.mygrid.org.uk/mygrid-moby-service#
mei,http://www.music-encoding.org/ns/mei/
swrcfe,http://www.morelab.deusto.es/ontologies/swrcfe#
my,http://www.mobile.com/model/
qa,http://www.mit.jyu.fi/ai/TRUST_Ontologies/QA.owl#
metalex,http://www.metalex.eu/schema/1.0#
abc,http://www.metadata.net/harmony/ABCSchemaV5Commented.rdf#
lotico,http://www.lotico.com/resource/
loticoowl,http://www.lotico.com/ontology/
meetup,http://www.lotico.com/meetup/
diag,http://www.loc.gov/zing/srw/diagnostic/
sru,http://www.loc.gov/zing/srw/
mods,http://www.loc.gov/mods/v3#
mads,http://www.loc.gov/mads/rdf/v1#
madsrdf,http://www.loc.gov/mads/rdf/v1#
dul,http://www.loa-cnr.it/ontologies/DUL.owl#
iot,http://www.linkedthings.com/iot/
vaem,http://www.linkedmodel.org/schema/vaem#
dtype,http://www.linkedmodel.org/schema/dtype#
decl,http://www.linkedmodel.org/1.0/schema/decl#
l2sp,http://www.linked2safety-project.eu/properties/
semio,http://www.lingvoj.org/semio#
lingvo,http://www.lingvoj.org/ontology#
lingvoj,http://www.lingvoj.org/ontology#
olca,http://www.lingvoj.org/olca#
lexinfo,http://www.lexinfo.net/ontology/2.0/lexinfo#
lmf,http://www.lexinfo.net/lmf#
lemon,http://www.lemon-model.net/lemon#
ub,http://www.lehigh.edu/~zhp2/2004/0401/univ-bench.owl#
olac11,http://www.language-archives.org/OLAC/1.1/
olac,http://www.language-archives.org/OLAC/1.0/
whois,http://www.kanzaki.com/ns/whois#
mu,http://www.kanzaki.com/ns/music#
dpd,http://www.kanzaki.com/ns/dpd#
doclist,http://www.junkwork.net/xml/DocumentList#
jjd,http://www.joshuajeeson.com/
dcr,http://www.isocat.org/ns/dcr.rdf#
isocat,http://www.isocat.org/datcat/
pic,http://www.ipaw.info/ns/picaso#
cos,http://www.inria.fr/acacia/corese#
infosys,http://www.infosys.com/
span,http://www.ifomis.org/bfo/1.1/span#
voidwh,http://www.ics.forth.gr/isl/VoIDWarehouse/VoID_Extension_Schema.owl#
icane,http://www.icane.es/opendata/vocab#
hg,http://www.holygoat.co.uk/owl/redwood/0.1/tags/
hlygt,http://www.holygoat.co.uk/owl/redwood/0.1/tags/
tag,http://www.holygoat.co.uk/owl/redwood/0.1/tags/
tags,http://www.holygoat.co.uk/owl/redwood/0.1/tags/
pgterms,http://www.gutenberg.org/2009/pgterms/
onyx,http://www.gsi.dit.upm.es/ontologies/onyx/ns#
marl,http://www.gsi.dit.upm.es/ontologies/marl/ns#
georss,http://www.georss.org/georss/
grs,http://www.georss.org/georss/
geonames,http://www.geonames.org/ontology#
gn,http://www.geonames.org/ontology#
gnm,http://www.geonames.org/ontology/mappings/
geocontext,http://www.geocontext.org/publ/2013/vocab#
go,http://www.geneontology.org/go#
ftcontent,http://www.ft.com/ontology/content/
fc,http://www.freeclass.eu/freeclass_v1#
exterms,http://www.example.org/terms/
example,http://www.example.org/rdf#
lexicon,http://www.example.org/lexicon#
edm,http://www.europeana.eu/schemas/edm/
citof,http://www.essepuntato.it/2013/03/cito-functions#
tvc,http://www.essepuntato.it/2012/04/tvc/
pattern,http://www.essepuntato.it/2008/12/pattern#
koly,http://www.ensias.ma/
voidp,http://www.enakting.org/provenance/voidp/
employee,http://www.employee.com/data#
eco,http://www.ebusiness-unibw.org/ontologies/eclass/5.1.4/#
ceo,http://www.ebusiness-unibw.org/ontologies/consumerelectronics/v1#
ebucore,http://www.ebu.ch/metadata/ontologies/ebucore/ebucore#
gastro,http://www.ebsemantics.net/gastro#
gxa,http://www.ebi.ac.uk/gxa/
efo,http://www.ebi.ac.uk/efo/
kupkb,http://www.e-lico.eu/data/kupkb/
lfn,http://www.dotnetrdf.org/leviathan#
dnr,http://www.dotnetrdf.org/configuration#
rdb,http://www.dbs.cs.uni-duesseldorf.de/RDF/relational#
owls,http://www.daml.org/services/owl-s/1.2/Service.owl#
owlse,http://www.daml.org/services/owl-s/1.2/generic/Expression.owl#
airport,http://www.daml.org/2001/10/html/airport-ont#
coun,http://www.daml.org/2001/09/countries/iso-3166-ont#
daml,http://www.daml.org/2001/03/daml+oil#
daisy,http://www.daisy.org/z3998/2012/vocab/
cdc,http://www.contextdatacloud.org/resource/
wnschema,http://www.cogsci.princeton.edu/~wn/schema/
travel,http://www.co-ode.org/roberts/travel.owl#
pizza,http://www.co-ode.org/ontologies/pizza/pizza.owl#
cmdi,http://www.clarin.eu/cmd/
crm,http://www.cidoc-crm.org/cidoc-crm/
bd,http://www.bigdata.com/rdf/search#
sport,http://www.bbc.co.uk/ontologies/sport/
bbcprov,http://www.bbc.co.uk/ontologies/provenance/
bbc,http://www.bbc.co.uk/ontologies/news/
bbccore,http://www.bbc.co.uk/ontologies/coreconcepts/
bbccms,http://www.bbc.co.uk/ontologies/cms/
eat,http://www.awesomesauce.net/urmom/
card,http://www.ashutosh.com/test/
akts,http://www.aktors.org/ontology/support#
akt,http://www.aktors.org/ontology/portal#
qrl,http://www.aifb.kit.edu/project/ld-retriever/qrl#
aifb,http://www.aifb.kit.edu/id/
agls,http://www.agls.gov.au/agls/terms/
malignneo,http://www.agfa.com/w3c/2009/malignantNeoplasm#
infection,http://www.agfa.com/w3c/2009/infectiousDisorder#
disease,http://www.agfa.com/w3c/2009/humanDisorder#
hospital,http://www.agfa.com/w3c/2009/hospital#
hemogram,http://www.agfa.com/w3c/2009/hemogram#
healthcare,http://www.agfa.com/w3c/2009/healthCare#
drug,http://www.agfa.com/w3c/2009/drugTherapy#
clinproc,http://www.agfa.com/w3c/2009/clinicalProcedure#
clineva,http://www.agfa.com/w3c/2009/clinicalEvaluation#
agetec,http://www.agetec.org/
affy,http://www.affymetrix.com/community/publications/affymetrix/tmsplice#
wbp,http://worldbank.270a.info/property/
worldbank,http://worldbank.270a.info/dataset/
wbc,http://worldbank.270a.info/classification/
wisski,http://wiss-ki.eu/
wikterms,http://wiktionary.dbpedia.org/terms/
rv,http://wifo-ravensburg.de/semanticweb.rdf#
dgfoaf,http://west.uni-koblenz.de/ontologies/2010/07/dgfoaf.owl#
wao,http://webtlab.it.uc3m.es/2010/10/WebAppsOntology#
webtlab,http://webtlab.it.uc3m.es/
call,http://webofcode.org/wfn/call:
wfn,http://webofcode.org/wfn/
admin,http://webns.net/mvcb/
wlp,http://weblab-project.org/core/model/property/processing/
webbox,http://webbox.ecs.soton.ac.uk/ns#
rssynd,http://web.resource.org/rss/1.0/modules/syndication/
osoc,http://web-semantics.org/ns/opensocial#
mysql,http://web-semantics.org/ns/mysql/
wp,http://vocabularies.wikipathways.org/
csv,http://vocab.sindice.net/csv/
sindice,http://vocab.sindice.net/
xfn,http://vocab.sindice.com/xfn#
xfnv,http://vocab.sindice.com/xfn#
comm,http://vocab.resc.info/communication#
ox,http://vocab.ox.ac.uk/projectfunding#
ludo,http://vocab.ox.ac.uk/ludo#
camelot,http://vocab.ox.ac.uk/camelot#
arpfo,http://vocab.ouls.ox.ac.uk/projectfunding#
whisky,http://vocab.org/whisky/terms/
wv,http://vocab.org/waiver/terms/
transit,http://vocab.org/transit/terms/
muni,http://vocab.linkeddata.es/urbanismo-infraestructuras/territorio#
estrn,http://vocab.linkeddata.es/datosabiertos/def/urbanismo-infraestructuras/transporte#
cjr,http://vocab.linkeddata.es/datosabiertos/def/urbanismo-infraestructuras/callejero#
escjr,http://vocab.linkeddata.es/datosabiertos/def/urbanismo-infraestructuras/callejero#
esaloj,http://vocab.linkeddata.es/datosabiertos/def/turismo/alojamiento#
esadm,http://vocab.linkeddata.es/datosabiertos/def/sector-publico/territorio#
geod,http://vocab.lenka.no/geo-deling#
ngeoi,http://vocab.lenka.no/geo-deling#
lh,http://vocab.inf.ed.ac.uk/library/holdings#
ulan,http://vocab.getty.edu/ulan/
tgn,http://vocab.getty.edu/tgn/
gvp,http://vocab.getty.edu/ontology#
aat,http://vocab.getty.edu/aat/
fp3,http://vocab.fusepool.info/fp3#
fam,http://vocab.fusepool.info/fam#
tao,http://vocab.deri.ie/tao#
sad,http://vocab.deri.ie/sad#
room,http://vocab.deri.ie/rooms#
rooms,http://vocab.deri.ie/rooms#
raul,http://vocab.deri.ie/raul#
ppo,http://vocab.deri.ie/ppo#
odapp,http://vocab.deri.ie/odapp#
nocal,http://vocab.deri.ie/nocal#
fingal,http://vocab.deri.ie/fingal#
csp,http://vocab.deri.ie/csp#
cogs,http://vocab.deri.ie/cogs#
c4n,http://vocab.deri.ie/c4n#
br,http://vocab.deri.ie/br#
am,http://vocab.deri.ie/am#
fea,http://vocab.data.gov/def/fea#
drm,http://vocab.data.gov/def/drm#
static,http://vocab-ld.org/vocab/static-ld#
voag,http://voag.linkedmodel.org/schema/voag#
core,http://vivoweb.org/ontology/core#
vivo,http://vivoweb.org/ontology/core#
vitro,http://vitro.mannlib.cornell.edu/ns/vitro/public#
viaf,http://viaf.org/ontology/1.1/#
vsws,http://verticalsearchworks.com/ontology/synset#
vsw,http://verticalsearchworks.com/ontology/
vapour,http://vapour.sourceforge.net/vocab.rdf#
anca,http://users.utcluj.ro/~raluca/rdf_ontologies_ralu/ralu_modified_ontology_pizzas2_0#
lark1,http://users.utcluj.ro/~raluca/ontology/Ontology1279614123500.owl#
up,http://users.ugent.be/~tdenies/up/
doap,http://usefulinc.com/ns/doap#
play,http://uriplay.org/spec/ontology/#
uri4uri,http://uri4uri.net/vocab#
ass,http://uptheasset.org/ontology#
uta,http://uptheasset.org/ontology#
wikimedia,http://upload.wikimedia.org/wikipedia/commons/f/f6/
umbel,http://umbel.org/umbel#
umbelrc,http://umbel.org/umbel/rc/
ne,http://umbel.org/umbel/ne/
ac,http://umbel.org/umbel/ac/
uis,http://uis.270a.info/dataset/
tw,http://tw.rpi.edu/schema/
viskov,http://trust.utep.edu/visko/ontology/visko-view-v3.owl#
visko,http://trust.utep.edu/visko/ontology/visko-operator-v3.owl#
viskoo,http://trust.utep.edu/visko/ontology/visko-operator-v3.owl#
sml,http://topbraid.org/sparqlmotionlib#
smf,http://topbraid.org/sparqlmotionfunctions#
sm,http://topbraid.org/sparqlmotion#
toby,http://tobyinkster.co.uk/#
pmt,http://tipsy.googlecode.com/svn/trunk/vocab/pmt#
test2,http://this.invalid/test2#
test,http://test2.example.com/
code,http://telegraphis.net/ontology/measurement/code#
geographis,http://telegraphis.net/ontology/geography/geography#
kbp,http://tackbp.org/2013/ontology#
geodata,http://sws.geonames.org/
swrc,http://swrc.ontoware.org/ontology#
swpatho,http://swpatho.ag-nbi.de/context/meta.owl#
oper,http://sweet.jpl.nasa.gov/2.0/mathOperation.owl#
aigp,http://swat.cse.lehigh.edu/resources/onto/aigp.owl#
sbench,http://swat.cse.lehigh.edu/onto/univ-bench.owl#
cyc,http://sw.opencyc.org/concept/
opencyc,http://sw.opencyc.org/concept/
location,http://sw.deri.org/2006/07/location/loc#
cfp,http://sw.deri.org/2005/08/conf/cfp.owl#
cycann,http://sw.cyc.com/CycAnnotations_v1#
swpo,http://sw-portal.deri.org/ontologies/swportal#
strdf,http://strdf.di.uoa.gr/ontology#
sdgp,http://stats.data-gov.ie/property/
overheid,http://standaarden.overheid.nl/owms/
enhancer,http://stanbol.apache.org/ontology/enhancer/enhancer#
dis,http://stanbol.apache.org/ontology/disambiguation/disambiguation#
spt,http://spitfire-project.eu/ontology/ns/
spl,http://spinrdf.org/spl#
spin,http://spinrdf.org/spin#
spif,http://spinrdf.org/spif#
sp,http://spinrdf.org/sp#
wikim,http://spi-fm.uca.es/spdef/models/genericTools/wikim/1.0#
vmm,http://spi-fm.uca.es/spdef/models/genericTools/vmm/1.0#
itm,http://spi-fm.uca.es/spdef/models/genericTools/itm/1.0#
swpm,http://spi-fm.uca.es/spdef/models/deployment/swpm/1.0#
spcm,http://spi-fm.uca.es/spdef/models/deployment/spcm/1.0#
cerif,http://spi-fm.uca.es/neologism/cerif#
spdx,http://spdx.org/rdf/terms#
osn,http://spatial.ucd.ie/lod/osn/
osmsemnet,http://spatial.ucd.ie/2012/08/osmsemnet/
skip,http://skipforward.net/skipforward/resource/
d2r,http://sites.wiwiss.fu-berlin.de/suhl/bizer/d2r-server/config.rdf#
marshall,http://sites.google.com/site/xgmaitc/
search,http://sindice.com/vocab/search#
hlisting,http://sindice.com/hlisting/0.1/
vra,http://simile.mit.edu/2003/10/ontologies/vraCore3#
artstor,http://simile.mit.edu/2003/10/ontologies/artstor#
fma,http://sig.uw.edu/fma#
oh,http://semweb.mmlab.be/ns/oh#
odapps,http://semweb.mmlab.be/ns/odapps#
swid,http://semanticweb.org/id/
sem,http://semanticweb.cs.vu.nl/2009/11/sem/
semtweet,http://semantictweet.com/
sio,http://semanticscience.org/resource/
nndsr,http://semanticdiet.com/schema/usda/nndsr/
ebu,http://semantic.eurobau.com/eurobau-utility.owl#
swivt,http://semantic-mediawiki.org/swivt/1.0#
stac,http://securitytoolbox.appspot.com/stac#
security,http://securitytoolbox.appspot.com/securityMain#
algo,http://securitytoolbox.appspot.com/securityAlgorithms#
maso,http://securitytoolbox.appspot.com/MASO#
commerce,http://search.yahoo.com/searchmonkey/commerce/
dive,http://scubadive.networld.to/dive.rdf#
scot,http://scot-project.org/scot/ns#
user,http://schemas.talis.com/2005/user/schema#
sv,http://schemas.talis.com/2005/service/schema#
dir,http://schemas.talis.com/2005/dir/schema#
ad,http://schemas.talis.com/2005/address/schema#
address,http://schemas.talis.com/2005/address/schema#
wfs,http://schemas.opengis.net/wfs/
ndl,http://schemas.ogf.org/nml/2013/05/base#
imm,http://schemas.microsoft.com/imm/
wkd,http://schema.wolterskluwer.de/
odrs,http://schema.theodi.org/odrs#
schema,http://schema.org/
cts2,http://schema.omg.org/spec/CTS2/1.0/
saxon,http://saxon.sf.net/
sro,http://salt.semanticauthoring.org/ontologies/sro#
sdo,http://salt.semanticauthoring.org/ontologies/sdo#
sao,http://salt.semanticauthoring.org/ontologies/sao#
zem,http://s.zemanta.com/ns#
dwc,http://rs.tdwg.org/dwc/terms/
rpubl,http://rinfo.lagrummet.se/ns/2008/11/rinfo/publ#
conf,http://richard.cyganiak.de/2007/pubby/config.rdf#
kontakt,http://richard.cyganiak.de/
co,http://rhizomik.net/ontologies/copyrightonto.owl#
copyright,http://rhizomik.net/ontologies/copyrightonto.owl#
cro,http://rhizomik.net/ontologies/copyrightonto.owl#
mpeg7,http://rhizomik.net/ontologies/2005/03/Mpeg7-2001.owl#
thors,http://resource.geosciml.org/ontology/timescale/thors#
gts,http://resource.geosciml.org/ontology/timescale/gts#
resex,http://resex.rkbexplorer.com/ontologies/resex#
pronom,http://reference.data.gov.uk/technical-registry/
payment,http://reference.data.gov.uk/def/payment#
parl,http://reference.data.gov.uk/def/parliament/
odv,http://reference.data.gov.uk/def/organogram/
interval,http://reference.data.gov.uk/def/intervals/
intervals,http://reference.data.gov.uk/def/intervals/
cgov,http://reference.data.gov.uk/def/central-government/
reegle,http://reegle.info/schema#
session,http://redfoot.net/2005/session#
rdafrbr,http://rdvocab.info/uri/schema/FRBRentitiesRDA/
rdamedia,http://rdvocab.info/termList/RDAMediaType/
rdacontent,http://rdvocab.info/termList/RDAContentType/
rdacarrier,http://rdvocab.info/termList/RDACarrierType/
rdarole,http://rdvocab.info/roles/
rdarel,http://rdvocab.info/RDARelationshipsWEMI/
rdrel,http://rdvocab.info/RDARelationshipsWEMI/
rdag3,http://rdvocab.info/ElementsGr3/
rdag2,http://rdvocab.info/ElementsGr2/
rda,http://rdvocab.info/elements/
rdag1,http://rdvocab.info/Elements/
rdagr1,http://rdvocab.info/Elements/
ruto,http://rdfunit.aksw.org/ns/core#
sioct,http://rdfs.org/sioc/types#
sioctypes,http://rdfs.org/sioc/types#
tsioc,http://rdfs.org/sioc/types#
siocserv,http://rdfs.org/sioc/services#
sioc,http://rdfs.org/sioc/ns#
arg,http://rdfs.org/sioc/argument#
sioca,http://rdfs.org/sioc/actions#
void,http://rdfs.org/ns/void#
voidext,http://rdfs.org/ns/void-ext#
bevon,http://rdfs.co/bevon/
rlnr,http://rdflivenews.aksw.org/resource/
rlno,http://rdflivenews.aksw.org/ontology/
rdf123,http://rdf123.umbc.edu/ns/
vocab,http://rdf.ontology2.com/vocab#
onisep,http://rdf.onisep.fr/resource/
snarm,http://rdf.myexperiment.org/ontologies/snarm/
meb,http://rdf.myexperiment.org/ontologies/base/
naval,http://rdf.muninn-project.org/ontologies/naval#
mil,http://rdf.muninn-project.org/ontologies/military#
jp1,http://rdf.muninn-project.org/ontologies/jp1/
graves,http://rdf.muninn-project.org/ontologies/graves#
aos,http://rdf.muninn-project.org/ontologies/appearances#
igeo,http://rdf.insee.fr/def/geo#
idemo,http://rdf.insee.fr/def/demo#
geosp,http://rdf.geospecies.org/ont/geospecies#
geospecies,http://rdf.geospecies.org/ont/geospecies#
obsm,http://rdf.geospecies.org/methods/observationMethod#
fbgeo,http://rdf.freebase.com/ns/location/geocode/
fb,http://rdf.freebase.com/ns/
freebase,http://rdf.freebase.com/ns/
ecs,http://rdf.ecs.soton.ac.uk/ontology/ecs#
zoomaterms,http://rdf.ebi.ac.uk/vocabulary/zooma/
rdfdata,http://rdf.data-vocabulary.org/rdf.xml#
dv,http://rdf.data-vocabulary.org/#
gd,http://rdf.data-vocabulary.org/#
gv,http://rdf.data-vocabulary.org/#
rich,http://rdf.data-vocabulary.org/
aapi,http://rdf.alchemyapi.com/rdf/v1/s/aapi-schema#
alchemy,http://rdf.alchemyapi.com/rdf/v1/s/aapi-schema#
disco,http://rdf-vocabulary.ddialliance.org/discovery#
rdaw,http://rdaregistry.info/Elements/w/
rdau,http://rdaregistry.info/Elements/u/
rdam,http://rdaregistry.info/Elements/m/
rdai,http://rdaregistry.info/Elements/i/
rdae,http://rdaregistry.info/Elements/e/
rdac,http://rdaregistry.info/Elements/c/
rdaa,http://rdaregistry.info/Elements/a/
doac,http://ramonantonio.net/doac/0.1/#
unit,http://qudt.org/vocab/unit#
qud,http://qudt.org/1.1/schema/qudt#
qudt,http://qudt.org/1.1/schema/qudt#
uniprot,http://purl.uniprot.org/core/
xtypes,http://purl.org/xtypes/
xro,http://purl.org/xro/ns#
wfprov,http://purl.org/wf4ever/wfprov#
wfdesc,http://purl.org/wf4ever/wfdesc#
wf4ever,http://purl.org/wf4ever/wf4ever#
roterms,http://purl.org/wf4ever/roterms#
roevo,http://purl.org/wf4ever/roevo#
uni,http://purl.org/weso/uni/uni.html#
cex,http://purl.org/weso/ontology/computex#
scowt,http://purl.org/weso/ontologies/scowt#
cpv,http://purl.org/weso/cpv/
won,http://purl.org/webofneeds/model#
wai,http://purl.org/wai#
vvo,http://purl.org/vvo/ns#
vso,http://purl.org/vso/ns#
voaf,http://purl.org/vocommons/voaf#
wordnet,http://purl.org/vocabularies/princeton/wordnet/schema#
wn30,http://purl.org/vocabularies/princeton/wn30/
amalgame,http://purl.org/vocabularies/amalgame#
vann,http://purl.org/vocab/vann/
sdl,http://purl.org/vocab/riro/sdl#
gpt,http://purl.org/vocab/riro/gpt#
ddl,http://purl.org/vocab/riro/ddl#
resource,http://purl.org/vocab/resourcelist/schema#
ref,http://purl.org/vocab/relationship/
rel,http://purl.org/vocab/relationship/
psych,http://purl.org/vocab/psychometric-profile/
part,http://purl.org/vocab/participation/schema#
particip,http://purl.org/vocab/participation/schema#
role,http://purl.org/vocab/participation/schema#
lcy,http://purl.org/vocab/lifecycle/schema#
lifecycle,http://purl.org/vocab/lifecycle/schema#
frbre,http://purl.org/vocab/frbr/extended#
frbr,http://purl.org/vocab/frbr/core#
frbrcore,http://purl.org/vocab/frbr/core#
cs,http://purl.org/vocab/changeset/schema#
bio,http://purl.org/vocab/bio/0.1/
aiiso,http://purl.org/vocab/aiiso/schema#
vrank,http://purl.org/voc/vrank#
ling,http://purl.org/voc/ling/
viso,http://purl.org/viso/
hcard,http://purl.org/uF/hCard/terms/
hcterms,http://purl.org/uF/hCard/terms/
uco,http://purl.org/uco/ns#
vsr,http://purl.org/twc/vocab/vsr#
graffle,http://purl.org/twc/vocab/vsr/graffle#
pvcs,http://purl.org/twc/vocab/pvcs#
od,http://purl.org/twc/vocab/opendap#
goef,http://purl.org/twc/vocab/goef#
datafaqs,http://purl.org/twc/vocab/datafaqs#
crv,http://purl.org/twc/vocab/datacarver#
xt,http://purl.org/twc/vocab/cross-topix#
conv,http://purl.org/twc/vocab/conversion/
conversion,http://purl.org/twc/vocab/conversion/
centrifuge,http://purl.org/twc/vocab/centrifuge#
bte,http://purl.org/twc/vocab/between-the-edges/
twaapi,http://purl.org/twc/vocab/aapi-schema#
frir,http://purl.org/twc/ontology/frir.owl#
cdm,http://purl.org/twc/ontology/cdm.owl#
identity,http://purl.org/twc/ontologies/identity.owl#
cmo,http://purl.org/twc/ontologies/cmo.owl#
agg,http://purl.org/twc/health/vocab/aggregate/
health,http://purl.org/twc/health/vocab/
hints2005,http://purl.org/twc/cabig/model/HINTS2005-1.owl#
tripfs2,http://purl.org/tripfs/2010/06#
tripfs,http://purl.org/tripfs/2010/02#
tio,http://purl.org/tio/ns#
theatre,http://purl.org/theatre#
telmap,http://purl.org/telmap/
telix,http://purl.org/telix#
tcga,http://purl.org/tcga/core#
dr,http://purl.org/swan/2.0/discourse-relationships/
swanco,http://purl.org/swan/1.2/swan-commons/
swanq,http://purl.org/swan/1.2/qualifiers/
swanqs,http://purl.org/swan/1.2/qualifiers/
swanpav,http://purl.org/swan/1.2/pav/
swandr,http://purl.org/swan/1.2/discourse-relationships/
swande,http://purl.org/swan/1.2/discourse-elements/
swanci,http://purl.org/swan/1.2/citations/
swanag,http://purl.org/swan/1.2/agents/
rev,http://purl.org/stuff/rev#
prj,http://purl.org/stuff/project/
scoro,http://purl.org/spar/scoro/
pwo,http://purl.org/spar/pwo/
pso,http://purl.org/spar/pso/
fabio,http://purl.org/spar/fabio/
doco,http://purl.org/spar/doco/
deo,http://purl.org/spar/deo/
dcite,http://purl.org/spar/datacite/
cito,http://purl.org/spar/cito/
c4o,http://purl.org/spar/c4o/
biro,http://purl.org/spar/biro/
sig,http://purl.org/signature#
sc,http://purl.org/science/owl/sciencecommons/
rvl,http://purl.org/rvl/
taxo,http://purl.org/rss/1.0/modules/taxonomy/
content,http://purl.org/rss/1.0/modules/content/
rss,http://purl.org/rss/1.0/
tmpl,http://purl.org/restdesc/http-template#
req,http://purl.org/req/
reco,http://purl.org/reco#
rdo,http://purl.org/rdo/ns#
stats,http://purl.org/rdfstats/stats#
provone,http://purl.org/provone#
w3po,http://purl.org/provenance/w3p/w3po#
prog,http://purl.org/prog/
pc,http://purl.org/procurement/public-contracts#
pco,http://purl.org/procurement/public-contracts#
pccz,http://purl.org/procurement/public-contracts-czech#
pav,http://purl.org/pav/
oslo,http://purl.org/oslo/ns/localgov#
oo,http://purl.org/openorg/
omt,http://purl.org/ontomedia/ext/common/trait#
omp,http://purl.org/ontomedia/ext/common/profession#
omc,http://purl.org/ontomedia/ext/common/bestiary#
being,http://purl.org/ontomedia/ext/common/being#
omb,http://purl.org/ontomedia/ext/common/being#
spc,http://purl.org/ontomedia/core/space#
omm,http://purl.org/ontomedia/core/media#
ome,http://purl.org/ontomedia/core/expression#
wlo,http://purl.org/ontology/wo/
wo,http://purl.org/ontology/wo/
wi,http://purl.org/ontology/wi/core#
so,http://purl.org/ontology/symbolic-music/
nsl,http://purl.org/ontology/storyline/
stories,http://purl.org/ontology/stories/
ssso,http://purl.org/ontology/ssso#
musim,http://purl.org/ontology/similarity/
sim,http://purl.org/ontology/similarity/
service,http://purl.org/ontology/service#
sco,http://purl.org/ontology/sco#
rec,http://purl.org/ontology/rec/core#
prvr,http://purl.org/ontology/prv/rules#
pr,http://purl.org/ontology/prv/core#
po,http://purl.org/ontology/po/
places,http://purl.org/ontology/places#
place,http://purl.org/ontology/places/
pbo,http://purl.org/ontology/pbo/core#
paia,http://purl.org/ontology/paia#
olo,http://purl.org/ontology/olo/core#
myspace,http://purl.org/ontology/myspace#
myspo,http://purl.org/ontology/myspace#
mit,http://purl.org/ontology/mo/mit#
mo,http://purl.org/ontology/mo/
gob,http://purl.org/ontology/last-fm/
lastfm,http://purl.org/ontology/last-fm/
lfm,http://purl.org/ontology/last-fm/
ist,http://purl.org/ontology/is/types/
isq,http://purl.org/ontology/is/quality/
isi,http://purl.org/ontology/is/inst/
is,http://purl.org/ontology/is/core#
iron,http://purl.org/ontology/iron#
holding,http://purl.org/ontology/holding#
gbv,http://purl.org/ontology/gbv/
ecpo,http://purl.org/ontology/ecpo#
dso,http://purl.org/ontology/dso#
daiaserv,http://purl.org/ontology/daia/Service/
daia,http://purl.org/ontology/daia/
cosmo,http://purl.org/ontology/cosmo#
chord,http://purl.org/ontology/chord/
ccom,http://purl.org/ontology/cco/mappings#
cco,http://purl.org/ontology/cco/core#
bibo,http://purl.org/ontology/bibo/
ao,http://purl.org/ontology/ao/core#
af,http://purl.org/ontology/af/
omapi,http://purl.org/omapi/0.2/#
oliasystem,http://purl.org/olia/system.owl#
stanford,http://purl.org/olia/stanford.owl#
penn,http://purl.org/olia/penn.owl#
olia,http://purl.org/olia/olia.owl#
mtecore,http://purl.org/olia/mte/multext-east.owl#
qb4o,http://purl.org/olap#
oboso,http://purl.org/obo/owl/SO#
ro,http://purl.org/obo/owl/ro#
ncbitaxon,http://purl.org/obo/owl/NCBITaxon#
ms,http://purl.org/obo/owl/MS#
nxp,http://purl.org/nxp/schema/v1/
meteo,http://purl.org/ns/meteo#
yoda,http://purl.org/NET/yoda#
wro,http://purl.org/net/wf4ever/ro#
wfm,http://purl.org/net/wf-motifs#
visit,http://purl.org/net/vocab/2004/07/visit#
label,http://purl.org/net/vocab/2004/03/label#
vgo,http://purl.org/net/vgo#
videogame,http://purl.org/net/vgo#
uri,http://purl.org/NET/uri#
scovo,http://purl.org/NET/scovo#
scv,http://purl.org/NET/scovo#
space,http://purl.org/net/schemas/space/
scsv,http://purl.org/NET/schema-org-csv#
rulz,http://purl.org/NET/rulz#
money,http://purl.org/net/rdf-money/
puc,http://purl.org/NET/puc#
prvt,http://purl.org/net/provenance/types#
prvtypes,http://purl.org/net/provenance/types#
hartigprov,http://purl.org/net/provenance/ns#
prv,http://purl.org/net/provenance/ns#
prviv,http://purl.org/net/provenance/integrity#
plo,http://purl.org/net/po#
ping,http://purl.org/net/pingback/
pingback,http://purl.org/net/pingback/
ordf,http://purl.org/NET/ordf/
xslopm,http://purl.org/net/opmv/types/xslt#
gridworks,http://purl.org/net/opmv/types/gridworks#
opmv,http://purl.org/net/opmv/ns#
wordmap,http://purl.org/net/ns/wordmap#
ont,http://purl.org/net/ns/ontology-annot#
mime,http://purl.org/NET/mediatypes/
lx,http://purl.org/NET/lx#
lio,http://purl.org/net/lio#
ldap,http://purl.org/net/ldap/
hifm,http://purl.org/net/hifm/data#
soc,http://purl.org/net/hdlipcores/ontology/soc#
evident,http://purl.org/net/evident#
dssn,http://purl.org/net/dssn/
ddc,http://purl.org/NET/decimalised#
dady,http://purl.org/NET/dady#
compass,http://purl.org/net/compass#
cis,http://purl.org/NET/cloudisus#
cidoccrm,http://purl.org/NET/cidoc-crm/core#
timeline,http://purl.org/NET/c4dm/timeline.owl#
tl,http://purl.org/NET/c4dm/timeline.owl#
keys,http://purl.org/NET/c4dm/keys.owl#
c4dm,http://purl.org/NET/c4dm/event.owl#
event,http://purl.org/NET/c4dm/event.owl#
book,http://purl.org/NET/book/vocab#
biordf,http://purl.org/net/biordfmicroarray/ns#
zoology,http://purl.org/NET/biol/zoology#
biol,http://purl.org/NET/biol/ns#
botany,http://purl.org/NET/biol/botany#
biblio,http://purl.org/net/biblio#
acc,http://purl.org/NET/acc#
muto,http://purl.org/muto/core#
media,http://purl.org/microformat/hmedia/
ufmedia,http://purl.org/microformat/hmedia/
dsp,http://purl.org/metainfo/terms/dsp#
video,http://purl.org/media/video#
audio,http://purl.org/media/audio#
cao,http://purl.org/makolab/caont/
locwd,http://purl.org/locwd/schema#
lv,http://purl.org/lobid/lv#
lyou,http://purl.org/linkingyou/
xkos,http://purl.org/linked-data/xkos#
sdmx,http://purl.org/linked-data/sdmx#
sdmxd,http://purl.org/linked-data/sdmx/2009/dimension#
sdmxdim,http://purl.org/linked-data/sdmx/2009/dimension#
sdmxa,http://purl.org/linked-data/sdmx/2009/attribute#
cube,http://purl.org/linked-data/cube#
qb,http://purl.org/linked-data/cube#
api,http://purl.org/linked-data/api/vocab#
apivc,http://purl.org/linked-data/api/vocab#
lda,http://purl.org/linked-data/api/vocab#
gold,http://purl.org/linguistics/gold/
limoo,http://purl.org/LiMo/0.1/
lib,http://purl.org/library/
library,http://purl.org/library/
lex,http://purl.org/lex#
lexcz,http://purl.org/lex/cz#
lofv,http://purl.org/legal_form/vocab#
iso,http://purl.org/iso25964/skos-thes#
isothes,http://purl.org/iso25964/skos-thes#
inno,http://purl.org/innovation/ns#
ru,http://purl.org/imbi/ru-meta.owl#
ibis,http://purl.org/ibis#
pat,http://purl.org/hpi/patchr#
pro,http://purl.org/hpi/patchr#
dicom,http://purl.org/healthcarevocab/v1#
gr,http://purl.org/goodrelations/v1#
germplasm,http://purl.org/germplasm/terms#
geovoid,http://purl.org/geovocamp/ontology/geovoid/
gnvc,http://purl.org/gc/
food,http://purl.org/foodontology#
fincaselaw,http://purl.org/finlex/schema/oikeus/
finlaw,http://purl.org/finlex/schema/laki/
fab,http://purl.org/fab/ns#
dsn,http://purl.org/dsnotify/vocab/eventset/
dqm,http://purl.org/dqm-vocabulary/v1/dqm#
dita,http://purl.org/dita/ns#
derecho,http://purl.org/derecho#
dct,http://purl.org/dc/terms/
dcterm,http://purl.org/dc/terms/
dcterms,http://purl.org/dc/terms/
purl,http://purl.org/dc/terms/
dcq,http://purl.org/dc/qualifiers/1.0/
dc,http://purl.org/dc/elements/1.1/
dc11,http://purl.org/dc/elements/1.1/
dce,http://purl.org/dc/elements/1.1/
dcmit,http://purl.org/dc/dcmitype/
dcmitype,http://purl.org/dc/dcmitype/
dctype,http://purl.org/dc/dcmitype/
dctypes,http://purl.org/dc/dcmitype/
dcam,http://purl.org/dc/dcam/
dn,http://purl.org/datanode/ns/
elec,http://purl.org/ctic/sector-publico/elecciones#
ctorg,http://purl.org/ctic/infraestructuras/organizacion#
emp,http://purl.org/ctic/empleo/oferta#
ds,http://purl.org/ctic/dcat#
csm,http://purl.org/csm/1.0#
coin,http://purl.org/court/def/2009/coin#
coo,http://purl.org/coo/ns#
cold,http://purl.org/configurationontology#
com,http://purl.org/commerce#
product,http://purl.org/commerce/product#
pay,http://purl.org/commerce/payment#
ccard,http://purl.org/commerce/creditcard#
coll,http://purl.org/co/
cld,http://purl.org/cld/terms/
cdtype,http://purl.org/cld/cdtype/
frapo,http://purl.org/cerif/frapo/
carfo,http://purl.org/carfo#
cv,http://purl.org/captsolo/resume-rdf/0.2/cv#
cvbase,http://purl.org/captsolo/resume-rdf/0.2/base#
biotop,http://purl.org/biotop/biotop.owl#
taxon,http://purl.org/biodiversity/taxon/
b2bo,http://purl.org/b2bo#
asn,http://purl.org/ASN/schema/core/
arch,http://purl.org/archival/vocab/arch#
arecipe,http://purl.org/amicroformat/arecipe/
admssw,http://purl.org/adms/sw/
acco,http://purl.org/acco/ns#
accom,http://purl.org/acco/ns#
metadata,http://purl.oreilly.com/ns/meta/
pois,http://purl.oclc.org/POIS/vcblr#
ssn,http://purl.oclc.org/NET/ssnx/ssn#
qu,http://purl.oclc.org/NET/ssnx/qu/qu#
aws,http://purl.oclc.org/NET/ssnx/meteo/aws#
sism,http://purl.oclc.org/NET/sism/0.1/
bibtex,http://purl.oclc.org/NET/nknouf/ns/bibtex#
mvco,http://purl.oclc.org/NET/mvco.owl#
muo,http://purl.oclc.org/NET/muo/muo#
lldr,http://purl.oclc.org/NET/lldr/ns#
ldr,http://purl.oclc.org/NET/ldr/ns#
iao,http://purl.obolibrary.org/obo/iao.owl#
bco,http://purl.obolibrary.org/obo/bco.owl#
ero,http://purl.obolibrary.org/obo/
obo,http://purl.obolibrary.org/obo/
pobo,http://purl.obolibrary.org/obo/
edam,http://purl.bioontology.org/ontology/EDAM/
psh,http://psh.techlib.cz/skos/
pml,http://provenanceweb.org/ns/pml#
w3p,http://prov4j.org/w3p/
protons,http://proton.semanticweb.org/2005/04/protons#
protege,http://protege.stanford.edu/system#
protegedc,http://protege.stanford.edu/plugins/owl/dc/protege-dc.owl#
acrt,http://privatealpha.com/ontology/certification/1#
pam,http://prismstandard.org/namespaces/pam/2.0/
prism21,http://prismstandard.org/namespaces/basic/2.1/
prism,http://prismstandard.org/namespaces/basic/2.0/
nsogi,http://prefix.cc/nsogi:
prefix,http://prefix.cc/
posh,http://poshrdf.org/ns/posh/
pkmn,http://pokedex.dataincubator.org/pkm/
poder,http://poderopedia.com/vocab/
swh,http://plugin.org.uk/swh-plugins/
ple,http://pleiades.stoa.org/places/
pkgsrc,http://pkgsrc.co/schema#
phil,http://philosurfical.open.ac.uk/ontology/philosurfical.owl/
rlog,http://persistence.uni-leipzig.org/nlp2rdf/ontologies/rlog#
nif,http://persistence.uni-leipzig.org/nlp2rdf/ontologies/nif-core#
penis,http://penis.to/#
shw,http://paul.staroch.name/thesis/SmartHomeWeather.owl#
of,http://owlrep.eu01.aws.af.cm/fridge#
refe,http://orion.tw.rpi.edu/~xgmatwc/refe/
origins,http://origins.link/
openskos,http://openskos.org/xmlns#
opm,http://openprovenance.org/ontology#
oprovo,http://openprovenance.org/ontology#
opmo,http://openprovenance.org/model/opmo#
fct,http://openlinksw.com/services/facets/1.0/
oat,http://openlinksw.com/schemas/oat/
opl,http://openlinksw.com/schema/attribution#
olad,http://openlad.org/vocab#
okg,http://openknowledgegraph.org/ontology/
og,http://opengraphprotocol.org/schema/
ogorg,http://opengraph.org/schema/
ean,http://openean.kaufkauf.net/id/
oarj,http://opendepot.org/reference/linked/1.0/
odcs,http://opendata.cz/infrastructure/odcleanstore/
om,http://opendata.caceres.es/def/ontomunicipio#
oc,http://opencoinage.org/rdf/
open,http://open.vocab.org/terms/
ov,http://open.vocab.org/terms/
crtv,http://open-services.net/ns/crtv#
oslc,http://open-services.net/ns/core#
bp,http://open-services.net/ns/basicProfile#
unspsc,http://ontoview.org/schema/unspsc/1#
steel,http://ontorule-project.eu/resources/steel-30#
galaksiya,http://ontoloji.galaksiya.com/vocab/
odp,http://ontologydesignpatterns.org/
cbase,http://ontologycentral.com/2010/05/cb/vocab#
estatwrap,http://ontologycentral.com/2009/01/eurostat/ns#
itsmo,http://ontology.it/itsmo/v1#
irsteaont,http://ontology.irstea.fr/weather/ontology#
irstea,http://ontology.irstea.fr/
dl,http://ontology.ip.rm.cnr.it/ontologies/DOLCE-Lite#
pdo,http://ontologies.smile.deri.ie/pdo#
memo,http://ontologies.smile.deri.ie/2009/02/27/memo#
out,http://ontologies.hypios.com/out#
eztag,http://ontologies.ezweb.morfeo-project.org/eztag/ns#
ezcontext,http://ontologies.ezweb.morfeo-project.org/ezcontext/ns#
status,http://ontologi.es/status#
sparql,http://ontologi.es/sparql#
rail,http://ontologi.es/rail/vocab#
profiling,http://ontologi.es/profiling#
like,http://ontologi.es/like#
lang,http://ontologi.es/lang/core#
giving,http://ontologi.es/giving#
dbug,http://ontologi.es/doap-bugs#
days,http://ontologi.es/days#
oj,http://ontojob.at/
opo,http://online-presence.net/opo/ns#
omv,http://omv.ontoware.org/2005/05/ontology#
omdoc,http://omdoc.org/ontology/
ok,http://okkam.org/terms#
ogp,http://ogp.me/ns#
article,http://ogp.me/ns/article#
oecd,http://oecd.270a.info/dataset/
tisc,http://observedchange.com/tisc/ns#
moac,http://observedchange.com/moac/ns#
oboro,http://obofoundry.org/ro/ro.owl#
xch,http://oanda2rdf.appspot.com/xch/
nuts,http://nuts.psi.enakting.org/id/BE335/doc/
tavprov,http://ns.taverna.org.uk/2012/tavernaprov/
scufl2,http://ns.taverna.org.uk/2010/scufl2#
wapp,http://ns.rww.io/wapp#
phss,http://ns.poundhill.com/phss/1.0/
site,http://ns.ontowiki.net/SysOnt/Site/
sysont,http://ns.ontowiki.net/SysOnt/
npg,http://ns.nature.com/terms/
npgg,http://ns.nature.com/graphs/
npgx,http://ns.nature.com/extensions/
npgd,http://ns.nature.com/datasets/
wm,http://ns.inria.fr/webmarks#
s4ac,http://ns.inria.fr/s4ac/v2#
r4ta,http://ns.inria.fr/ratio4ta/v1#
prissma,http://ns.inria.fr/prissma/v1#
nt,http://ns.inria.fr/nicetag/2010/09/09/voc#
ntag,http://ns.inria.fr/nicetag/2010/09/09/voc#
l4lod,http://ns.inria.fr/l4lod/v2/
emoca,http://ns.inria.fr/emoca#
emotion,http://ns.inria.fr/emoca#
sql,http://ns.inria.fr/ast/sql#
smg,http://ns.cerise-project.nl/energy/def/cim-smartgrid#
tac,http://ns.bergnet.org/tac/0.1/triple-access-control#
shv,http://ns.aksw.org/spatialHierarchy/
scms,http://ns.aksw.org/scms/annotations/
evopat,http://ns.aksw.org/Evolution/
xmp,http://ns.adobe.com/xap/1.0/
photoshop,http://ns.adobe.com/photoshop/1.0/
str,http://nlp2rdf.lod2.eu/schema/string/
sso,http://nlp2rdf.lod2.eu/schema/sso/
mte,http://nl.ijs.si/ME/owl/
nidm,http://nidm.nidash.org/
nerd,http://nerd.eurecom.fr/ontology#
dcndl,http://ndl.go.jp/dcndl/terms/
myprefix,http://myprefix.org/
music,http://musicontology.com/
premis,http://multimedialab.elis.ugent.be/users/samcoppe/ontologies/Premis/premis.owl#
nsa,http://multimedialab.elis.ugent.be/organon/ontologies/ninsuna#
okkam,http://models.okkam.org/ENS-core-vocabulary#
ens,http://models.okkam.org/ENS-core-vocabulary.owl#
moat,http://moat-project.org/ns#
cf,http://mmisw.org/ont/cf/parameter/
qvoc,http://mlode.nlp2rdf.org/quranvocab#
mged,http://mged.sourceforge.net/ontologies/MGEDOntology.owl#
rdarel2,http://metadataregistry.org/uri/schema/RDARelationshipsGR2/
physo,http://merlin.phys.uni.lodz.pl/onto/physo/physo.owl#
pom,http://maven.apache.org/POM/4.0.0#
roadmap,http://mappings.roadmap.org/
mohammad,http://manesht.ir/
trackback,http://madskills.com/public/xml/rss/module/trackback/
fls,http://lukasblaho.sk/football_league_schema#
lomvoc,http://ltsc.ieee.org/rdf/lomv1p0/vocabulary#
lom,http://ltsc.ieee.org/rdf/lomv1p0/lom#
opus,http://lsdis.cs.uga.edu/projects/semdis/opus#
loted,http://loted.eu/ontology#
ll,http://lodlaundromat.org/resource/
llo,http://lodlaundromat.org/ontology/
llm,http://lodlaundromat.org/metrics/ontology/
lod2,http://lod2.eu/schema/
oad,http://lod.xdams.org/reload/oad/
ses,http://lod.taxonconcept.org/ses/
txn,http://lod.taxonconcept.org/ontology/txn.owl#
scip,http://lod.taxonconcept.org/ontology/sci_people.owl#
mammal,http://lod.taxonconcept.org/ontology/p01/Mammalia/index.owl#
gesis,http://lod.gesis.org/lodpilot/ALLBUS/vocab.rdf#
bag,http://lod.geodan.nl/vocab/bag#
bsb,http://lod.b3kat.de/title/
lodac,http://lod.ac/ns/lodac#
teach,http://linkedscience.org/teach/ns#
lsc,http://linkedscience.org/lsc/ns#
lr,http://linkedrecipes.org/schema/
recipe,http://linkedrecipes.org/schema/
mm,http://linkedmultimedia.org/sparql-mm/functions#
mmt,http://linkedmultimedia.org/sparql-mm/functions/temporal#
lgd,http://linkedgeodata.org/vocabulary#
lgdo,http://linkedgeodata.org/ontology/
lgv,http://linkedgeodata.org/ontology/
lode,http://linkedevents.org/ontology/
life,http://life.deri.ie/schema/
lexvo,http://lexvo.org/ontology#
lvont,http://lexvo.org/ontology#
oils,http://lemon-model.net/oils#
vext,http://ldf.fi/void-ext#
lp,http://launchpad.net/rdf/launchpad#
xl,http://langegger.at/xlwrap/vocab#
ends,http://labs.mondeca.com/vocab/endpointStatus#
l4a,http://labels4all.info/ns/
puelia,http://kwijibo.talis.com/vocabs/puelia#
kwijibo,http://kwijibo.talis.com/
kw,http://kwantu.net/kw/
gelo,http://krauthammerlab.med.yale.edu/ontologies/gelo#
provenir,http://knoesis.wright.edu/provenir/provenir.owl#
ecos,http://kmm.lboro.ac.uk/ecos/1.0#
spfood,http://kmi.open.ac.uk/projects/smartproducts/ontologies/food.owl#
no,http://km.aifb.kit.edu/projects/numbers/number#
kdo,http://kdo.render-project.eu/kdo#
greg,http://kasei.us/about/foaf.xrdf#
dbnary,http://kaiko.getalp.org/dbnary#
kai,http://kai.uni-kiel.de/
app,http://jmvanel.free.fr/ontology/software_applications.n3#
mp,http://jicamaro.info/mp#
eye,http://jena.hpl.hp.com/Eyeball#
pf,http://jena.hpl.hp.com/ARQ/property#
afn,http://jena.hpl.hp.com/ARQ/function#
tdb,http://jena.hpl.hp.com/2008/tdb#
msm,http://iserve.kmi.open.ac.uk/ns/msm#
hr,http://iserve.kmi.open.ac.uk/ns/hrests#
rnews,http://iptc.org/std/rNews/2011-10-07#
eui,http://institutions.publicdata.eu/#
cmdm,http://infra.clarin.eu/cmd/
dco,http://info.deepcarbon.net/schema#
pmlt,http://inference-web.org/2.0/pml-trust.owl#
pmlr,http://inference-web.org/2.0/pml-relation.owl#
pmlp,http://inference-web.org/2.0/pml-provenance.owl#
pmlj,http://inference-web.org/2.0/pml-justification.owl#
imf,http://imf.270a.info/dataset/
muldicat,http://iflastandards.info/ns/muldicat#
isbd,http://iflastandards.info/ns/isbd/elements/
frsad,http://iflastandards.info/ns/fr/frsad/
frbrer,http://iflastandards.info/ns/fr/frbr/frbrer/
frad,http://iflastandards.info/ns/fr/frad/
turismo,http://idi.fundacionctic.org/cruzar/turismo#
marcrel,http://id.loc.gov/vocabulary/relators/
mrel,http://id.loc.gov/vocabulary/relators/
language,http://id.loc.gov/vocabulary/iso639-1/
hxl,http://hxl.humanitarianresponse.info/ns/#
dummy,http://hello.com/
harrisons,http://harrisons.cc/
gaf,http://groundedannotationframework.org/
govwild,http://govwild.org/0.6/GWOntology.rdf/
spatial,http://geovocab.org/spatial#
geom,http://geovocab.org/geometry#
ngeo,http://geovocab.org/geometry#
geovocab,http://geovocab.org/
geoes,http://geo.linkeddata.es/ontology/
gq,http://genomequest.com/
orca,http://geni-orca.renci.org/owl/topology.owl#
gawd,http://gawd.atlantides.org/terms/
gadm,http://gadm.geovocab.org/ontology#
fos,http://futurios.org/fos/spec/
xesam,http://freedesktop.org/standards/xesam/1.0/core#
frb,http://frb.270a.info/dataset/
fd,http://foodable.co/ns/
qdoslf,http://foaf.qdos.com/lastfm/schema/
urn,http://fliqz.com/
fise,http://fise.iks-project.eu/ontology/
fao,http://fao.270a.info/dataset/
zr,http://explain.z3950.org/dtd/2.0/
name,http://example.org/name#
ex,http://example.com/
sede,http://eventography.org/sede/0.1/
eurlex,http://eur-lex.publicdata.eu/ontology/
eunis,http://eunis.eea.europa.eu/rdf/species-schema.rdf#
fcm,http://eulersharp.sourceforge.net/2006/02swap/fcm#
units,http://eulersharp.sourceforge.net/2003/03swap/unitsExtension#
quantities,http://eulersharp.sourceforge.net/2003/03swap/quantitiesExtension#
prolog,http://eulersharp.sourceforge.net/2003/03swap/prolog#
organiz,http://eulersharp.sourceforge.net/2003/03swap/organization#
organism,http://eulersharp.sourceforge.net/2003/03swap/organism#
elog,http://eulersharp.sourceforge.net/2003/03swap/log-rules#
es,http://eulersharp.sourceforge.net/2003/03swap/log-rules#
eu,http://eulersharp.sourceforge.net/2003/03swap/log-rules#
languages,http://eulersharp.sourceforge.net/2003/03swap/languages#
humanbody,http://eulersharp.sourceforge.net/2003/03swap/humanBody#
human,http://eulersharp.sourceforge.net/2003/03swap/human#
genab,http://eulersharp.sourceforge.net/2003/03swap/genomeAbnormality#
fl,http://eulersharp.sourceforge.net/2003/03swap/fl-rules#
events,http://eulersharp.sourceforge.net/2003/03swap/event#
environ,http://eulersharp.sourceforge.net/2003/03swap/environment#
countries,http://eulersharp.sourceforge.net/2003/03swap/countries#
care,http://eulersharp.sourceforge.net/2003/03swap/care#
bioskos,http://eulersharp.sourceforge.net/2003/03swap/bioSKOSSchemes#
agent,http://eulersharp.sourceforge.net/2003/03swap/agent#
agents,http://eulersharp.sourceforge.net/2003/03swap/agent#
eg,http://eulergui.sourceforge.net/engine.owl#
ec,http://eulergui.sourceforge.net/contacts.owl.n3#
vsto,http://escience.rpi.edu/ontology/vsto/2/0/vsto.owl#
s2s,http://escience.rpi.edu/ontology/sesf/s2s/4/0/
water,http://escience.rpi.edu/ontology/semanteco/2/0/water.owl#
pol,http://escience.rpi.edu/ontology/semanteco/2/0/pollution.owl#
cidoc,http://erlangen-crm.org/current/
ecrm,http://erlangen-crm.org/current/
ep,http://eprints.org/ontology/
eprints,http://eprints.org/ontology/
op,http://environment.data.gov.au/def/op#
wiki,http://en.wikipedia.org/wiki/
dogont,http://elite.polito.it/ontologies/dogont.owl#
edgar,http://edgarwrap.ontologycentral.com/vocab/edgar#
oboe,http://ecoinformatics.org/oboe/oboe.1.0/oboe-core.owl#
ecb,http://ecb.270a.info/class/1.0/
dcoid,http://dx.deepcarbon.net/
evset,http://dsnotify.org/vocab/eventset/0.1/
mds,http://doc.metalex.eu/id/
bwb,http://doc.metalex.eu/bwb/ontology/
lt,http://diplomski.nelakolundzija.org/LTontology.rdf#
air,http://dig.csail.mit.edu/TAMI/2007/amord/air#
quak,http://dev.w3.org/cvsweb/2000/quacken/vocab#
oauth,http://demiblog.org/vocab/oauth#
sam,http://def.seegrid.csiro.au/isotc211/iso19156/2011/sampling#
h2o,http://def.seegrid.csiro.au/isotc211/iso19150/-2/2012/basic#
li,http://def.seegrid.csiro.au/isotc211/iso19115/2003/lineage#
ext,http://def.seegrid.csiro.au/isotc211/iso19115/2003/extent#
dq,http://def.seegrid.csiro.au/isotc211/iso19115/2003/dataquality#
gf,http://def.seegrid.csiro.au/isotc211/iso19109/2005/feature#
tm,http://def.seegrid.csiro.au/isotc211/iso19108/2002/temporal#
gm,http://def.seegrid.csiro.au/isotc211/iso19107/2003/geometry#
basic,http://def.seegrid.csiro.au/isotc211/iso19103/2005/basic#
esd,http://def.esd.org.uk/
kb,http://deductions.sf.net/ontology/knowledge_base.owl#
form,http://deductions-software.com/ontologies/forms.owl.ttl#
dcm,http://dcm.com/
mb,http://dbtune.org/musicbrainz/resource/instrument/
dbtont,http://dbtropes.org/ont/
dpl,http://dbpedialite.org/things/
dbptmpl,http://dbpedia.org/resource/Template:
dbt,http://dbpedia.org/resource/Template:
category,http://dbpedia.org/resource/Category:
dbc,http://dbpedia.org/resource/Category:
dbrc,http://dbpedia.org/resource/Category:
dbpr,http://dbpedia.org/resource/
dbr,http://dbpedia.org/resource/
dbprop,http://dbpedia.org/property/
stream,http://dbpedia.org/ontology/Stream/
dbo,http://dbpedia.org/ontology/
dt,http://dbpedia.org/datatype/
dbyago,http://dbpedia.org/class/yago/
db,http://dbpedia.org/
dblp,http://dblp.l3s.de/d2r/page/authors/
dayta,http://dayta.me/resource#
city,http://datos.localidata.com/def/City#
bne,http://datos.bne.es/resource/
bcnnorms,http://datos.bcn.cl/ontologies/bcn-norms#
bcngeo,http://datos.bcn.cl/ontologies/bcn-geographics#
bcncon,http://datos.bcn.cl/ontologies/bcn-congress#
bcnbio,http://datos.bcn.cl/ontologies/bcn-biographies#
osr,http://dati.senato.it/osr/
ocd,http://dati.camera.it/ocd/
tddo,http://databugger.aksw.org/ns/core#
tarot,http://data.totl.net/tarot/card/
occult,http://data.totl.net/occult/
game,http://data.totl.net/game/
swperson,http://data.semanticweb.org/person/
swc,http://data.semanticweb.org/ns/swc/ontology#
ekaw,http://data.semanticweb.org/conference/ekaw/2012/complete/
sci,http://data.scientology.org/ns/
pnt,http://data.press.net/ontology/tag/
pns,http://data.press.net/ontology/stuff/
pni,http://data.press.net/ontology/identifier/
pne,http://data.press.net/ontology/event/
pnc,http://data.press.net/ontology/classification/
pna,http://data.press.net/ontology/asset/
rdl,http://data.posccaesar.org/rdl/
ilap,http://data.posccaesar.org/ilap/
osspr,http://data.ordnancesurvey.co.uk/ontology/spatialrelations/
spacerel,http://data.ordnancesurvey.co.uk/ontology/spatialrelations/
ospost,http://data.ordnancesurvey.co.uk/ontology/postcode/
osgeom,http://data.ordnancesurvey.co.uk/ontology/geometry/
admingeo,http://data.ordnancesurvey.co.uk/ontology/admingeo/
osadm,http://data.ordnancesurvey.co.uk/ontology/admingeo/
gazetteer,http://data.ordnancesurvey.co.uk/ontology/50kGazetteer/
postcode,http://data.ordnancesurvey.co.uk/id/postcodeunit/
osgb,http://data.ordnancesurvey.co.uk/id/
nytimes,http://data.nytimes.com/elements/
nyt,http://data.nytimes.com/
vdpp,http://data.lirmm.fr/ontologies/vdpp#
poste,http://data.lirmm.fr/ontologies/poste#
passim,http://data.lirmm.fr/ontologies/passim#
osp,http://data.lirmm.fr/ontologies/osp#
oan,http://data.lirmm.fr/ontologies/oan/
laposte,http://data.lirmm.fr/ontologies/laposte#
linkedmdb,http://data.linkedmdb.org/sparql/
movie,http://data.linkedmdb.org/resource/movie/
lctr,http://data.linkedct.org/vocab/resource/
linkedct,http://data.linkedct.org/vocab/
ct,http://data.linkedct.org/resource/linkedct/
italy,http://data.kasabi.com/dataset/italy/schema/
eumida,http://data.kasabi.com/dataset/eumida/terms/
geofla,http://data.ign.fr/ontologies/geofla#
topo,http://data.ign.fr/def/topo#
ignf,http://data.ign.fr/def/ignf#
gcis,http://data.globalchange.gov/gcis.owl#
reve,http://data.eurecom.fr/ontology/reve#
dvia,http://data.eurecom.fr/ontology/dvia#
blt,http://data.bl.uk/schema/bibliographic#
locah,http://data.archiveshub.ac.uk/def/
dgtwc,http://data-gov.tw.rpi.edu/2009/data-gov-twc.rdf#
jdbc,http://d2rq.org/terms/jdbc/
gnd,http://d-nb.info/standards/elementset/gnd#
gndo,http://d-nb.info/standards/elementset/gnd#
agrelon,http://d-nb.info/standards/elementset/agrelon#
dnb,http://d-nb.info/gnd/
cc,http://creativecommons.org/ns#
courseware,http://courseware.rkbexplorer.com/ontologies/courseware#
crsw,http://courseware.rkbexplorer.com/ontologies/courseware#
pproc,http://contsem.unizar.es/def/sector-publico/pproc#
contsem,http://contsem.unizar.es/def/sector-publico/contratacion#
trait,http://contextus.net/ontology/ontomedia/ext/common/trait#
conserv,http://conserv.deri.ie/ontology#
ctag,http://commontag.org/ns#
commons,http://commons.psi.enakting.org/def/
va,http://code-research.eu/ontology/visual-analytics#
climb,http://climb.dataincubator.org/vocabs/climb/
fcs,http://clarin.eu/fcs/resource#
cmd,http://clarin.eu/cmd#
granatum,http://chem.deri.ie/granatum/
cb,http://cbasewrap.ontologycentral.com/vocab#
cpm,http://catalogus-professorum.org/cpm/
calli,http://callimachusproject.org/rdf/2009/framework#
xhe,http://buzzword.org.uk/rdf/xhtml-elements#
xen,http://buzzword.org.uk/rdf/xen#
vcardx,http://buzzword.org.uk/rdf/vcardx#
plink,http://buzzword.org.uk/rdf/personal-link-types#
h5,http://buzzword.org.uk/rdf/h5#
atomix,http://buzzword.org.uk/rdf/atomix#
ya,http://blogs.yandex.ru/schema/foaf/
bis,http://bis.270a.info/dataset/
coeus,http://bioinformatics.ua.pt/coeus/
pubmed,http://bio2rdf.org/pubmed_vocabulary:
b2rpubchem,http://bio2rdf.org/ns/ns/ns/pubchem#
biopax,http://bio2rdf.org/ns/biopax#
hgnc,http://bio2rdf.org/hgnc:
biocore,http://bio2rdf.org/core#
chebi,http://bio2rdf.org/chebi:
bio2rdf,http://bio2rdf.org/
bm,http://bio2rdf.org/
bing,http://bing.com/schema/media/
bihap,http://bihap.kb.gov.tr/ontology/
bgn,http://bibliograph.net/schemas/
bf,http://bibframe.org/vocab/
bibframe,http://bibframe.org/vocab/
atomowl,http://bblfish.net/work/atom-owl/2006-06-06/#
awol,http://bblfish.net/work/atom-owl/2006-06-06/#
babelnet,http://babelnet.org/2.0/
atomrdf,http://atomowl.org/ontologies/atomrdf#
lime,http://art.uniroma2.it/ontologies/lime#
archdesc,http://archdesc.info/archEvent#
iswc,http://annotation.semanticweb.org/2004/iswc#
aneo,http://akonadi-project.org/ontologies/aneo#
jita,http://aims.fao.org/aos/jita/
geop,http://aims.fao.org/aos/geopolitical.owl#
aims,http://aims.fao.org/aos/common/
asgv,http://aims.fao.org/aos/agrovoc/
agro,http://agrinepaldata.com/vocab/
agrd,http://agrinepaldata.com/
aersv,http://aers.data2semantics.org/vocab/
aers,http://aers.data2semantics.org/resource/
abs,http://abs.270a.info/dataset/
opensearch,http://a9.com/-/spec/opensearch/1.1/
